Payment Date,10/15/17,01/15/18,04/15/18,07/15/18,10/15/18,01/15/19,04/15/19,07/15/19,10/15/19,01/15/20,04/15/20,07/15/20,10/15/20,01/15/21,04/15/21,07/15/21,10/15/21,01/15/22,04/15/22,07/15/22,10/15/22,01/15/23,04/15/23,07/15/23,10/15/23,01/15/24,04/15/24,07/15/24,10/15/24,01/15/25,04/15/25,07/15/25,10/15/25,01/15/26,04/15/26,07/15/26,10/15/26,01/15/27,04/15/27,07/15/27,10/15/27,01/15/28,04/15/28,07/15/28,10/15/28,01/15/29,04/15/29,07/15/29,10/15/29,01/15/30,04/15/30,07/15/30,10/15/30,01/15/31,04/15/31,07/15/31,10/15/31,01/15/32,04/15/32,07/15/32,10/15/32,01/15/33,04/15/33,07/15/33,10/15/33,01/15/34,04/15/34,07/15/34,10/15/34,01/15/35,04/15/35,07/15/35,10/15/35,01/15/36,04/15/36,07/15/36,10/15/36,01/15/37,04/15/37,07/15/37,10/15/37,01/15/38,04/15/38,07/15/38,10/15/38,01/15/39,04/15/39,07/15/39,10/15/39,01/15/40,04/15/40,07/15/40,10/15/40,01/15/41,04/15/41,07/15/41,10/15/41,01/15/42,04/15/42,07/15/42,10/15/42,01/15/43,04/15/43,07/15/43,10/15/43,01/15/44,04/15/44,07/15/44,10/15/44,01/15/45,04/15/45,07/15/45,10/15/45,01/15/46,04/15/46,07/15/46,10/15/46,01/15/47,04/15/47,07/15/47,10/15/47,01/15/48,04/15/48,07/15/48,10/15/48,01/15/49,04/15/49,07/15/49,10/15/49,01/15/50,04/15/50,07/15/50,10/15/50,01/15/51,04/15/51,07/15/51,10/15/51,01/15/52,04/15/52,07/15/52,
Is In Reinvestment Period,1,1,1,1,1,1,1,1,1,1,1,1,1,1,1,1,1,1,1,0,0,0,0,0,0,0,0,0,0,0,0,0,0,0,0,0,0,0,0,0,0,0,0,0,0,0,0,0,0,0,0,0,0,0,0,0,0,0,0,0,0,0,0,0,0,0,0,0,0,0,0,0,0,0,0,0,0,0,0,0,0,0,0,0,0,0,0,0,0,0,0,0,0,0,0,0,0,0,0,0,0,0,0,0,0,0,0,0,0,0,0,0,0,0,0,0,0,0,0,0,0,0,0,0,0,0,0,0,0,0,0,0,0,0,0,0,0,0,0,0,
Is In Default Period,0,1,1,1,1,1,1,1,1,1,1,1,1,1,1,1,1,1,1,1,1,1,1,1,1,1,1,1,1,1,1,1,1,1,1,1,1,1,1,1,1,1,1,1,1,1,1,1,1,1,1,1,1,1,1,1,1,1,1,1,1,1,1,1,1,1,1,1,1,1,1,1,1,1,1,1,1,1,1,1,1,1,1,1,1,1,1,1,1,1,1,1,1,1,1,1,1,1,1,1,1,1,1,1,1,1,1,1,1,1,1,1,1,1,1,1,1,1,1,1,1,1,1,1,1,1,1,1,1,1,1,1,1,1,1,1,1,1,1,1,
Accrual Period,0.252055,0.252055,0.246575,0.249315,0.252055,0.252055,0.246575,0.249315,0.252055,0.252055,0.249315,0.249315,0.252055,0.252055,0.246575,0.249315,0.252055,0.252055,0.246575,0.249315,0.252055,0.252055,0.246575,0.249315,0.252055,0.252055,0.249315,0.249315,0.252055,0.252055,0.246575,0.249315,0.252055,0.252055,0.246575,0.249315,0.252055,0.252055,0.246575,0.249315,0.252055,0.252055,0.249315,0.249315,0.252055,0.252055,0.246575,0.249315,0.252055,0.252055,0.246575,0.249315,0.252055,0.252055,0.246575,0.249315,0.252055,0.252055,0.249315,0.249315,0.252055,0.252055,0.246575,0.249315,0.252055,0.252055,0.246575,0.249315,0.252055,0.252055,0.246575,0.249315,0.252055,0.252055,0.249315,0.249315,0.252055,0.252055,0.246575,0.249315,0.252055,0.252055,0.246575,0.249315,0.252055,0.252055,0.246575,0.249315,0.252055,0.252055,0.249315,0.249315,0.252055,0.252055,0.246575,0.249315,0.252055,0.252055,0.246575,0.249315,0.252055,0.252055,0.246575,0.249315,0.252055,0.252055,0.249315,0.249315,0.252055,0.252055,0.246575,0.249315,0.252055,0.252055,0.246575,0.249315,0.252055,0.252055,0.246575,0.249315,0.252055,0.252055,0.249315,0.249315,0.252055,0.252055,0.246575,0.249315,0.252055,0.252055,0.246575,0.249315,0.252055,0.252055,0.246575,0.249315,0.252055,0.252055,0.249315,0.249315,
Libor Forward Rates,0.004239,0.004275,0.004295,0.004225,0.00422,0.004235,0.004235,0.004238,0.00424,0.004245,0.004255,0.004255,0.00426,0.00425,0.004253,0.004265,0.004255,0.004306,0.004306,0.00428,0.004262,0.00425,0.00427,0.004285,0.004285,0.004277,0.004289,0.004293,0.004285,0.004265,0.004305,0.004293,0.004295,0.004301,0.00432,0.004335,0.004335,0.004358,0.004338,0.004385,0.004385,0.004405,0.004353,0.004376,0.004405,0.00438,0.004405,0.004419,0.00438,0.004381,0.004362,0.004413,0.004413,0.004399,0.004321,0.004283,0.004318,0.004315,0.004315,0.004315,0.00433,0.00435,0.004329,0.00434,0.004373,0.004374,0.004402,0.004385,0.00439,0.004365,0.004347,0.004379,0.004387,0.004373,0.004347,0.004345,0.00434,0.004362,0.004387,0.004385,0.00443,0.004433,0.00446,0.004442,0.004497,0.004545,0.004567,0.004689,0.004696,0.004631,0.004648,0.004471,0.004458,0.004453,0.004471,0.004466,0.004421,0.004423,0.004461,0.004481,0.004478,0.004481,0.004508,0.004521,0.004533,0.004493,0.004588,0.004603,0.004666,0.004676,0.004696,0.004703,0.004726,0.004743,0.004758,0.004779,0.004794,0.004814,0.004821,0.004833,0.004866,0.004853,0.004874,0.004879,0.004904,0.004909,0.004927,0.004957,0.004939,0.004959,0.004939,0.004939,0.004969,0.004984,0.005039,0.005119,0.005132,0.005177,0.005077,0.005067,
Assets,,,,,,,,,,,,,,,,,,,,,,,,,,,,,,,,,,,,,,,,,,,,,,,,,,,,,,,,,,,,,,,,,,,,,,,,,,,,,,,,,,,,,,,,,,,,,,,,,,,,,,,,,,,,,,,,,,,,,,,,,,,,,,,,,,,,,,,,,,,,,
Beginning Iniital Portfolio Balance,9e+08,9.00402e+08,8.87521e+08,8.10429e+08,7.04526e+08,5.91549e+08,4.84892e+08,3.92342e+08,3.12436e+08,2.45399e+08,1.90979e+08,1.47944e+08,1.13887e+08,8.69164e+07,6.60138e+07,5.02616e+07,3.8005e+07,2.85465e+07,2.13785e+07,1.60802e+07,1.48222e+08,1.39541e+08,1.31366e+08,1.23824e+08,1.16637e+08,1.09796e+08,1.03352e+08,9.73453e+07,9.16848e+07,8.62956e+07,8.12202e+07,7.65377e+07,7.20763e+07,6.78288e+07,6.38286e+07,6.01382e+07,5.66219e+07,5.32742e+07,5.01215e+07,4.72128e+07,4.44415e+07,4.18031e+07,3.93182e+07,3.70019e+07,3.48191e+07,3.27409e+07,3.07836e+07,2.8978e+07,2.72576e+07,2.56197e+07,2.40771e+07,2.2654e+07,2.12981e+07,2.00072e+07,1.87914e+07,1.76698e+07,1.66011e+07,1.55837e+07,1.46254e+07,1.37322e+07,1.28905e+07,1.20891e+07,1.13343e+07,1.06381e+07,9.97468e+06,9.34304e+06,8.74818e+06,8.19944e+06,7.67658e+06,7.17875e+06,6.70991e+06,6.27743e+06,5.86534e+06,5.47297e+06,5.10345e+06,4.75902e+06,4.43444e+06,4.12538e+06,3.83432e+06,3.56586e+06,3.31005e+06,3.06646e+06,2.83706e+06,2.62548e+06,2.42386e+06,2.23188e+06,2.05107e+06,1.88432e+06,1.72542e+06,1.5741e+06,1.43159e+06,1.29878e+06,1.17362e+06,1.05443e+06,942174,838681,740041,646094,557617,476058,398317,324267,254528,190258,128987,70619.1,15649.4,-35557.7,-83813.6,-129791,-173092,-212972,-251003,-287246,-321379,-352800,-382773,-411343,-438251,-463006,-486627,-509151,-530363,-550102,-568703,-586448,-603160,-618509,-633168,-647159,-660336,-672424,-683975,-695008,-705399,-714916,-724019,-732721,-740916,-748520,
Scheduled Prepayment (%),0.050411,0.0478483,0.0450936,0.0357646,0.0296662,0.0250942,0.0212706,0.0190386,0.0172397,0.0155892,0.0140724,0.0129569,0.0121371,0.0112952,0.0103329,0.00982865,0.00937303,0.00886285,0.00822261,0.00791718,0.000619355,0.000467255,0.000344853,0.000264965,0.000202836,0.00015304,0.000114217,8.64922e-05,6.62193e-05,4.99688e-05,3.68879e-05,2.83496e-05,2.1708e-05,1.63834e-05,1.20966e-05,9.29832e-06,7.12131e-06,5.37567e-06,3.96996e-06,3.05229e-06,2.33823e-06,1.76552e-06,1.3187e-06,9.99449e-07,7.65875e-07,5.78483e-07,4.27485e-07,3.28887e-07,2.52126e-07,1.90519e-07,1.40853e-07,1.08418e-07,8.31565e-08,6.2872e-08,4.65098e-08,3.58218e-08,2.74936e-08,2.0802e-08,1.55713e-08,1.18287e-08,9.08652e-09,6.88144e-09,5.09961e-09,3.935e-09,3.02622e-09,2.29465e-09,1.70273e-09,1.3157e-09,1.01336e-09,7.69638e-10,5.72109e-10,4.42883e-10,3.41797e-10,2.60162e-10,1.96003e-10,1.49918e-10,1.16017e-10,8.8573e-11,6.62121e-11,5.15628e-11,4.0055e-11,3.07086e-11,2.30616e-11,1.80478e-11,1.40966e-11,1.08732e-11,8.2207e-12,6.4805e-12,5.1034e-12,3.97309e-12,3.06903e-12,2.41284e-12,1.92542e-12,1.5221e-12,1.18355e-12,9.62935e-13,7.86917e-13,6.40169e-13,5.15364e-13,4.37185e-13,3.76779e-13,3.28715e-13,2.90968e-13,2.81913e-13,2.99847e-13,3.88982e-13,1.23315e-12,-3.87098e-13,-1.18422e-13,-5.43132e-14,-2.82966e-14,-1.66558e-14,-1.01906e-14,-6.32454e-15,-3.92758e-15,-2.59113e-15,-1.72214e-15,-1.13818e-15,-7.42252e-16,-5.08819e-16,-3.49095e-16,-2.36973e-16,-1.5982e-16,-1.09902e-16,-7.66572e-17,-5.27976e-17,-3.56674e-17,-2.51903e-17,-1.7744e-17,-1.233e-17,-8.39596e-18,-5.97129e-18,-4.23312e-18,-2.95881e-18,-2.0255e-18,-1.44739e-18,-1.03058e-18,-7.23268e-19,-5.02491e-19,-3.54762e-19,
Scheduled Prepayments ($),4.53699e+07,4.30827e+07,4.00215e+07,2.89847e+07,2.09006e+07,1.48445e+07,1.03139e+07,7.46965e+06,5.3863e+06,3.82557e+06,2.68754e+06,1.9169e+06,1.38226e+06,981736,682111,494004,356222,253003,175787,127310,91802,65201.5,45302,32809,23658.3,16803.1,11804.5,8419.61,6071.31,4312.09,2996.04,2169.82,1564.64,1111.27,772.11,559.184,403.222,286.385,198.98,144.107,103.914,73.8043,51.849,36.9815,26.667,18.94,13.1595,9.5305,6.87236,4.88103,3.39134,2.45611,1.77108,1.25789,0.873983,0.632963,0.456424,0.324171,0.227737,0.162434,0.11713,0.0831904,0.0578007,0.0418609,0.0301855,0.021439,0.0148958,0.010788,0.00777912,0.00552504,0.0038388,0.00278017,0.00200476,0.00142386,0.00100029,0.000713461,0.00051447,0.000365398,0.000253879,0.000183866,0.000132584,9.41666e-05,6.5427e-05,4.73841e-05,3.41683e-05,2.42677e-05,1.68612e-05,1.22114e-05,8.8055e-06,6.25403e-06,4.39358e-06,3.13374e-06,2.25971e-06,1.60494e-06,1.11511e-06,8.07596e-07,5.8235e-07,4.13609e-07,2.87376e-07,2.08126e-07,1.50078e-07,1.06591e-07,7.40596e-08,5.3636e-08,3.86765e-08,2.74696e-08,1.9298e-08,1.37643e-08,9.92535e-09,7.04939e-09,4.89792e-09,3.54721e-09,2.55786e-09,1.8167e-09,1.26224e-09,9.14151e-10,6.59187e-10,4.68181e-10,3.25293e-10,2.35586e-10,1.69879e-10,1.20655e-10,8.47626e-11,6.04572e-11,4.35952e-11,3.09631e-11,2.15132e-11,1.55804e-11,1.12349e-11,7.97949e-12,5.54416e-12,4.01523e-12,2.89535e-12,2.0564e-12,1.42878e-12,1.03477e-12,7.46161e-13,5.29954e-13,3.72303e-13,2.65547e-13,
Constant Prepayment Rate,0,0,0.246575,0.249315,0.252055,0.252055,0.246575,0.249315,0.252055,0.252055,0.249315,0.249315,0.252055,0.252055,0.246575,0.249315,0.252055,0.252055,0.246575,0.249315,0.252055,0.252055,0.246575,0.249315,0.252055,0.252055,0.249315,0.249315,0.252055,0.252055,0.246575,0.249315,0.252055,0.252055,0.246575,0.249315,0.252055,0.252055,0.246575,0.249315,0.252055,0.252055,0.249315,0.249315,0.252055,0.252055,0.246575,0.249315,0.252055,0.252055,0.246575,0.249315,0.252055,0.252055,0.246575,0.249315,0.252055,0.252055,0.249315,0.249315,0.252055,0.252055,0.246575,0.249315,0.252055,0.252055,0.246575,0.249315,0.252055,0.252055,0.246575,0.249315,0.252055,0.252055,0.249315,0.249315,0.252055,0.252055,0.246575,0.249315,0.252055,0.252055,0.246575,0.249315,0.252055,0.252055,0.246575,0.249315,0.252055,0.252055,0.249315,0.249315,0.252055,0.252055,0.246575,0.249315,0.252055,0.252055,0.246575,0.249315,0.252055,0.252055,0.246575,0.249315,0.252055,0.252055,0.249315,0.249315,0.252055,0.252055,0.246575,0.249315,0.252055,0.252055,0.246575,0.249315,0.252055,0.252055,0.246575,0.249315,0.252055,0.252055,0.249315,0.249315,0.252055,0.252055,0.246575,0.249315,0.252055,0.252055,0.246575,0.249315,0.252055,0.252055,0.246575,0.249315,0.252055,0.252055,0.249315,0.249315,
Unscheduled Prepayments ($),,,,,,,,,,,,,,,,,,,,,,,,,,,,,,,,,,,,,,,,,,,,,,,,,,,,,,,,,,,,,,,,,,,,,,,,,,,,,,,,,,,,,,,,,,,,,,,,,,,,,,,,,,,,,,,,,,,,,,,,,,,,,,,,,,,,,,,,,,,,,
Defaulted Amount,0,1.09555e+07,2.08049e+08,1.91977e+08,1.68627e+08,1.41586e+08,1.13666e+08,9.29393e+07,7.4781e+07,5.87359e+07,4.52398e+07,3.50456e+07,2.72587e+07,2.08033e+07,1.54747e+07,1.19061e+07,9.09644e+06,6.83256e+06,5.01144e+06,3.80913e+06,3.54767e+07,3.3399e+07,3.07943e+07,2.93318e+07,2.7917e+07,2.62794e+07,2.44824e+07,2.30595e+07,2.19446e+07,2.06547e+07,1.90393e+07,1.81305e+07,1.72514e+07,1.62347e+07,1.49624e+07,1.42457e+07,1.35524e+07,1.27511e+07,1.17492e+07,1.11839e+07,1.0637e+07,1.00055e+07,9.31383e+06,8.76513e+06,8.33389e+06,7.83647e+06,7.21616e+06,6.86441e+06,6.52407e+06,6.13203e+06,5.64405e+06,5.36637e+06,5.09767e+06,4.78868e+06,4.40499e+06,4.18568e+06,3.97345e+06,3.72993e+06,3.46453e+06,3.25294e+06,3.08532e+06,2.89351e+06,2.65694e+06,2.51999e+06,2.38742e+06,2.23624e+06,2.05071e+06,1.94231e+06,1.83738e+06,1.71822e+06,1.57291e+06,1.48702e+06,1.40386e+06,1.30995e+06,1.20892e+06,1.12733e+06,1.06138e+06,987404,898824,844694,792255,733953,665050,621933,580148,534196,480802,446365,412976,376758,339119,307659,280904,252375,220860,198670,177128,154642,130714,112770,95336.5,77612.7,59665.3,45068.9,30873,16902.6,3707.07,-8423.04,-20060.7,-31065.4,-40575.5,-50449.5,-60077.1,-68751.9,-75336.2,-83572.5,-91616,-98454.4,-102733,-109678,-116473,-121864,-125634,-130310,-136118,-140366,-141390,-146515,-151548,-154897,-154793,-159286,-163708,-166349,-165357,-169352,-173293,-175376,-175511,-177312,
Recovery Amount ($),0,0,1.33167e+08,9.6388e+07,6.94645e+07,4.93365e+07,3.43186e+07,2.48402e+07,1.79017e+07,1.27145e+07,8.93736e+06,6.3746e+06,4.59402e+06,3.26286e+06,2.26965e+06,1.6428e+06,1.18393e+06,840872,584913,423366,305109,216701,150738,109106,78629.8,55846.1,39255.6,27999.2,20178.4,14331.5,9969.02,7215.68,5200.17,3693.37,2569.12,1859.55,1340.13,951.818,662.087,479.226,345.366,245.293,172.423,122.981,88.6296,62.9483,43.787,31.6935,22.8407,16.2224,11.2843,8.16773,5.88628,4.18068,2.90809,2.10491,1.51695,1.0774,0.757334,0.540171,0.389288,0.276488,0.192326,0.139208,0.100323,0.0712538,0.0495643,0.0358752,0.0258544,0.0183628,0.0127732,0.00924539,0.00666293,0.00473228,0.00332644,0.0023726,0.00170987,0.00121442,0.000844755,0.000611442,0.000440652,0.000312969,0.000217702,0.000157575,0.00011356,8.06552e-05,5.61039e-05,4.06086e-05,2.92656e-05,2.07856e-05,1.46108e-05,1.04212e-05,7.51029e-06,5.33411e-06,3.71042e-06,2.68564e-06,1.93548e-06,1.37465e-06,9.56213e-07,6.92117e-07,4.98792e-07,3.54262e-07,2.46426e-07,1.78366e-07,1.28544e-07,9.12969e-08,6.4175e-08,4.5773e-08,3.29875e-08,2.34291e-08,1.62973e-08,1.17962e-08,8.50121e-09,6.03791e-09,4.19998e-09,3.03999e-09,2.19085e-09,1.55603e-09,1.08238e-09,7.83436e-10,5.64603e-10,4.01004e-10,2.81876e-10,2.01049e-10,1.44891e-10,1.02908e-10,7.15828e-11,5.18124e-11,3.73399e-11,2.65203e-11,1.84476e-11,1.33526e-11,9.62288e-12,6.83456e-12,4.75413e-12,3.44109e-12,2.47991e-12,1.76133e-12,1.23809e-12,8.8307e-13,
Net Losses on Defaults,0,1.09555e+07,7.48813e+07,9.55892e+07,9.91627e+07,9.22499e+07,7.93477e+07,6.80992e+07,5.68793e+07,4.60213e+07,3.63024e+07,2.8671e+07,2.26646e+07,1.75404e+07,1.3205e+07,1.02633e+07,7.91252e+06,5.99169e+06,4.42653e+06,3.38576e+06,3.51716e+07,3.31823e+07,3.06435e+07,2.92227e+07,2.78384e+07,2.62236e+07,2.44431e+07,2.30315e+07,2.19244e+07,2.06404e+07,1.90293e+07,1.81233e+07,1.72462e+07,1.6231e+07,1.49598e+07,1.42439e+07,1.3551e+07,1.27502e+07,1.17486e+07,1.11835e+07,1.06367e+07,1.00053e+07,9.31366e+06,8.76501e+06,8.3338e+06,7.83641e+06,7.21612e+06,6.86438e+06,6.52405e+06,6.13202e+06,5.64404e+06,5.36636e+06,5.09767e+06,4.78868e+06,4.40499e+06,4.18568e+06,3.97345e+06,3.72992e+06,3.46452e+06,3.25294e+06,3.08532e+06,2.89351e+06,2.65694e+06,2.51999e+06,2.38742e+06,2.23624e+06,2.05071e+06,1.94231e+06,1.83738e+06,1.71822e+06,1.57291e+06,1.48702e+06,1.40386e+06,1.30995e+06,1.20892e+06,1.12733e+06,1.06138e+06,987404,898824,844694,792255,733953,665050,621933,580148,534196,480802,446365,412976,376758,339119,307659,280904,252375,220860,198670,177128,154642,130714,112770,95336.5,77612.7,59665.3,45068.9,30873,16902.6,3707.07,-8423.04,-20060.7,-31065.4,-40575.5,-50449.5,-60077.1,-68751.9,-75336.2,-83572.5,-91616,-98454.4,-102733,-109678,-116473,-121864,-125634,-130310,-136118,-140366,-141390,-146515,-151548,-154897,-154793,-159286,-163708,-166349,-165357,-169352,-173293,-175376,-175511,-177312,
Portfolio Collection Account,4.53699e+07,4.13763e+07,1.66049e+08,1.40199e+08,1.08639e+08,7.49798e+07,4.19611e+07,1.70476e+07,-4.42326e+06,-2.30122e+07,-3.68562e+07,-1.6822e+07,-496094,1.23005e+07,2.20012e+07,2.97723e+07,3.58163e+07,4.04074e+07,4.37952e+07,4.64312e+07,-5.68805e+07,-6.06411e+07,-6.47796e+07,-6.77274e+07,-7.0556e+07,-7.35173e+07,-7.65406e+07,-7.91245e+07,-8.13505e+07,-8.36806e+07,-8.62439e+07,-8.80704e+07,-8.98229e+07,-9.1657e+07,-9.36741e+07,-9.51117e+07,-9.6491e+07,-9.79343e+07,-9.95208e+07,-1.00652e+08,-1.01737e+08,-1.02872e+08,-1.0403e+08,-1.0502e+08,-1.05873e+08,-1.06765e+08,-1.07744e+08,-1.08443e+08,-1.09113e+08,-1.09814e+08,-1.10582e+08,-1.11131e+08,-1.11658e+08,-1.12207e+08,-1.1281e+08,-1.13241e+08,-1.13654e+08,-1.14085e+08,-1.14523e+08,-1.14898e+08,-1.15222e+08,-1.15559e+08,-1.15927e+08,-1.16191e+08,-1.16444e+08,-1.16708e+08,-1.16995e+08,-1.17201e+08,-1.17399e+08,-1.17604e+08,-1.17827e+08,-1.17988e+08,-1.18142e+08,-1.18301e+08,-1.18462e+08,-1.186e+08,-1.1872e+08,-1.18843e+08,-1.18976e+08,-1.19072e+08,-1.19164e+08,-1.19259e+08,-1.19361e+08,-1.19435e+08,-1.19505e+08,-1.19578e+08,-1.19655e+08,-1.19711e+08,-1.19765e+08,-1.1982e+08,-1.19874e+08,-1.1992e+08,-1.19961e+08,-1.20002e+08,-1.20044e+08,-1.20076e+08,-1.20106e+08,-1.20135e+08,-1.20165e+08,-1.20189e+08,-1.2021e+08,-1.20232e+08,-1.20252e+08,-1.20268e+08,-1.20284e+08,-1.20298e+08,-1.20311e+08,-1.20322e+08,-1.20332e+08,-1.20341e+08,-1.20348e+08,-1.20355e+08,-1.20361e+08,-1.20366e+08,-1.20368e+08,-1.20372e+08,-1.20375e+08,-1.20376e+08,-1.20375e+08,-1.20376e+08,-1.20376e+08,-1.20375e+08,-1.20372e+08,-1.2037e+08,-1.20368e+08,-1.20365e+08,-1.20358e+08,-1.20356e+08,-1.20353e+08,-1.20348e+08,-1.20339e+08,-1.20335e+08,-1.20331e+08,-1.20325e+08,-1.20315e+08,-1.2031e+08,-1.20305e+08,-1.20297e+08,-1.20288e+08,-1.20281e+08,
Portfolio LIBOR Floor,0.01,0.01,0.01,0.01,0.01,0.01,0.01,0.01,0.01,0.01,0.01,0.01,0.01,0.01,0.01,0.01,0.01,0.01,0.01,0.01,0.01,0.01,0.01,0.01,0.01,0.01,0.01,0.01,0.01,0.01,0.01,0.01,0.01,0.01,0.01,0.01,0.01,0.01,0.01,0.01,0.01,0.01,0.01,0.01,0.01,0.01,0.01,0.01,0.01,0.01,0.01,0.01,0.01,0.01,0.01,0.01,0.01,0.01,0.01,0.01,0.01,0.01,0.01,0.01,0.01,0.01,0.01,0.01,0.01,0.01,0.01,0.01,0.01,0.01,0.01,0.01,0.01,0.01,0.01,0.01,0.01,0.01,0.01,0.01,0.01,0.01,0.01,0.01,0.01,0.01,0.01,0.01,0.01,0.01,0.01,0.01,0.01,0.01,0.01,0.01,0.01,0.01,0.01,0.01,0.01,0.01,0.01,0.01,0.01,0.01,0.01,0.01,0.01,0.01,0.01,0.01,0.01,0.01,0.01,0.01,0.01,0.01,0.01,0.01,0.01,0.01,0.01,0.01,0.01,0.01,0.01,0.01,0.01,0.01,0.01,0.01,0.01,0.01,0.01,0.01,
Interest Reserve,0,0,0,0,0,0,0,0,0,0,0,0,0,0,0,0,0,0,0,0,0,0,0,0,0,0,0,0,0,0,0,0,0,0,0,0,0,0,0,0,0,0,0,0,0,0,0,0,0,0,0,0,0,0,0,0,0,0,0,0,0,0,0,0,0,0,0,0,0,0,0,0,0,0,0,0,0,0,0,0,0,0,0,0,0,0,0,0,0,0,0,0,0,0,0,0,0,0,0,0,0,0,0,0,0,0,0,0,0,0,0,0,0,0,0,0,0,0,0,0,0,0,0,0,0,0,0,0,0,0,0,0,0,0,0,0,0,0,0,0,
Interest Collection Account,1.16827e+07,1.10938e+07,1.03055e+07,7.46356e+06,5.38191e+06,3.82245e+06,2.65584e+06,1.92343e+06,1.38697e+06,985084,692042,493601,355932,252797,175644,127206,91727.1,65148.3,45265.1,32782.3,23639,16789.4,11665.3,8448.32,6092.01,4326.79,3039.66,2168.05,1563.36,1110.36,771.48,558.728,402.894,286.152,198.818,143.99,103.83,73.7441,51.2375,37.1076,26.758,19.0046,13.3511,9.52273,6.86676,4.87705,3.38858,2.4541,1.76963,1.25687,0.873271,0.632447,0.456052,0.323907,0.225051,0.162988,0.117529,0.083474,0.0586422,0.0418268,0.0301609,0.0214215,0.0148837,0.0107792,0.00777278,0.00552054,0.00383567,0.0027779,0.00200312,0.0014227,0.000988492,0.000715893,0.000516225,0.000366644,0.000257575,0.000183716,0.000132476,9.40899e-05,6.53737e-05,4.73455e-05,3.41404e-05,2.42479e-05,1.68475e-05,1.22014e-05,8.79833e-06,6.24893e-06,4.34176e-06,3.14442e-06,2.26742e-06,1.61041e-06,1.13135e-06,8.06938e-07,5.81876e-07,4.13272e-07,2.87141e-07,2.07956e-07,1.49955e-07,1.06504e-07,7.39992e-08,5.35923e-08,3.8645e-08,2.74472e-08,1.90703e-08,1.38113e-08,9.95919e-09,7.07342e-09,4.96923e-09,3.54432e-09,2.55578e-09,1.81522e-09,1.26121e-09,9.13406e-10,6.58649e-10,4.678e-10,3.25027e-10,2.35394e-10,1.69741e-10,1.20557e-10,8.37628e-11,6.06634e-11,4.37438e-11,3.10687e-11,2.18264e-11,1.55677e-11,1.12258e-11,7.97299e-12,5.53964e-12,4.01196e-12,2.89299e-12,2.05472e-12,1.42762e-12,1.03392e-12,7.45553e-13,5.29522e-13,3.67912e-13,2.66452e-13,1.92136e-13,1.36463e-13,9.58681e-14,6.83783e-14,
	Asset 1 Balance,0,2.30304e+07,3.82265e+07,1.15294e+08,1.45875e+08,1.49477e+08,1.38744e+08,1.22034e+08,1.03442e+08,8.529e+07,6.89724e+07,5.50958e+07,4.35062e+07,3.39335e+07,2.62556e+07,2.03044e+07,1.55669e+07,1.1838e+07,8.96311e+06,6.80614e+06,7.3662e+07,6.95599e+07,6.56351e+07,6.19712e+07,5.84503e+07,5.50762e+07,5.18827e+07,4.88946e+07,4.60708e+07,4.33768e+07,4.08356e+07,3.84883e+07,3.62498e+07,3.41172e+07,3.21077e+07,3.0253e+07,2.84854e+07,2.68022e+07,2.52167e+07,2.37538e+07,2.23598e+07,2.10326e+07,1.97825e+07,1.86172e+07,1.7519e+07,1.64735e+07,1.54887e+07,1.45803e+07,1.37147e+07,1.28906e+07,1.21144e+07,1.13984e+07,1.07162e+07,1.00666e+07,9.45492e+06,8.89059e+06,8.3529e+06,7.84096e+06,7.35883e+06,6.90941e+06,6.48589e+06,6.08266e+06,5.7029e+06,5.35258e+06,5.01879e+06,4.70098e+06,4.40167e+06,4.12557e+06,3.86249e+06,3.61201e+06,3.37611e+06,3.15851e+06,2.95116e+06,2.75374e+06,2.56781e+06,2.39451e+06,2.2312e+06,2.0757e+06,1.92925e+06,1.79417e+06,1.66546e+06,1.5429e+06,1.42747e+06,1.32102e+06,1.21957e+06,1.12297e+06,1.032e+06,948102,868149,792011,720307,653483,590510,530538,474057,421985,372353,325084,280566,239530,200414,163156,128066,95728.6,64900.4,35532.2,7874.01,-17891,-42171,-65304.9,-87091.8,-107157,-126293,-144529,-161703,-177512,-192593,-206968,-220507,-232963,-244847,-256180,-266854,-276785,-286145,-295073,-303482,-311204,-318580,-325620,-332250,-338332,-344144,-349695,-354923,-359712,-364292,-368670,-372794,-376620,
	Asset 2 Balance,0,2.27418e+07,3.77475e+07,1.13849e+08,1.44047e+08,1.47604e+08,1.37005e+08,1.20505e+08,1.02146e+08,8.42213e+07,6.81081e+07,5.44054e+07,4.2961e+07,3.35083e+07,2.59265e+07,2.005e+07,1.53718e+07,1.16897e+07,8.85079e+06,6.72085e+06,7.27389e+07,6.86882e+07,6.48126e+07,6.11946e+07,5.77179e+07,5.4386e+07,5.12325e+07,4.82819e+07,4.54935e+07,4.28332e+07,4.03238e+07,3.80059e+07,3.57955e+07,3.36896e+07,3.17053e+07,2.98739e+07,2.81285e+07,2.64663e+07,2.49007e+07,2.34561e+07,2.20796e+07,2.0769e+07,1.95346e+07,1.83839e+07,1.72995e+07,1.6267e+07,1.52946e+07,1.43976e+07,1.35428e+07,1.2729e+07,1.19626e+07,1.12556e+07,1.05819e+07,9.9405e+06,9.33644e+06,8.77918e+06,8.24822e+06,7.7427e+06,7.26661e+06,6.82282e+06,6.40461e+06,6.00643e+06,5.63144e+06,5.28551e+06,4.95589e+06,4.64207e+06,4.34651e+06,4.07387e+06,3.81409e+06,3.56675e+06,3.3338e+06,3.11893e+06,2.91418e+06,2.71923e+06,2.53563e+06,2.36451e+06,2.20324e+06,2.04969e+06,1.90507e+06,1.77169e+06,1.64459e+06,1.52356e+06,1.40959e+06,1.30446e+06,1.20429e+06,1.1089e+06,1.01907e+06,936221,857270,782087,711281,645294,583110,523889,468117,416697,367687,321010,277050,236528,197903,161111,126462,94529,64087.1,35086.9,7775.34,-17666.8,-41642.6,-64486.6,-86000.5,-105814,-124710,-142717,-159676,-175288,-190180,-204375,-217744,-230043,-241779,-252970,-263510,-273317,-282559,-291375,-299679,-307305,-314588,-321539,-328086,-334092,-339831,-345313,-350476,-355204,-359727,-364050,-368122,-371900,
	Initial Fixed Assets Balance,0,0,0,0,0,0,0,0,0,0,0,0,0,0,0,0,0,0,0,0,0,0,0,0,0,0,0,0,0,0,0,0,0,0,0,0,0,0,0,0,0,0,0,0,0,0,0,0,0,0,0,0,0,0,0,0,0,0,0,0,0,0,0,0,0,0,0,0,0,0,0,0,0,0,0,0,0,0,0,0,0,0,0,0,0,0,0,0,0,0,0,0,0,0,0,0,0,0,0,0,0,0,0,0,0,0,0,0,0,0,0,0,0,0,0,0,0,0,0,0,0,0,0,0,0,0,0,0,0,0,0,0,0,0,0,0,0,0,0,0,
	Initial Floating Assets No Floor Balance,0,0,0,0,0,0,0,0,0,0,0,0,0,0,0,0,0,0,0,0,0,0,0,0,0,0,0,0,0,0,0,0,0,0,0,0,0,0,0,0,0,0,0,0,0,0,0,0,0,0,0,0,0,0,0,0,0,0,0,0,0,0,0,0,0,0,0,0,0,0,0,0,0,0,0,0,0,0,0,0,0,0,0,0,0,0,0,0,0,0,0,0,0,0,0,0,0,0,0,0,0,0,0,0,0,0,0,0,0,0,0,0,0,0,0,0,0,0,0,0,0,0,0,0,0,0,0,0,0,0,0,0,0,0,0,0,0,0,0,0,
	Initial Floating Assets With Floor Balance,9e+08,8.5463e+08,8.11547e+08,5.81287e+08,4.14605e+08,2.94469e+08,2.09144e+08,1.49803e+08,1.06848e+08,7.58876e+07,5.38985e+07,3.84433e+07,2.74198e+07,1.94747e+07,1.38317e+07,9.90722e+06,7.06636e+06,5.01881e+06,3.56457e+06,2.55319e+06,1.82107e+06,1.2934e+06,918624,657983,469308,333322,236739,168855,120436,85538.7,60753,43515.6,31037.6,22044.2,15656.7,11214.4,7998.71,5681.01,4034.88,2890.06,2061.35,1464.05,1039.83,741.662,528.993,375.712,266.846,191.134,136.327,96.8248,68.7689,49.2571,35.1328,24.9527,17.7224,12.694,9.05407,6.43057,4.56725,3.25761,2.3235,1.65024,1.17207,0.839518,0.598789,0.425284,0.302054,0.216352,0.154314,0.1096,0.0778424,0.0557561,0.0397683,0.028245,0.0200608,0.0143084,0.0102055,0.00724838,0.00514809,0.00368742,0.00263007,0.00186798,0.00132671,0.000950285,0.000677794,0.000481397,0.000341908,0.000244898,0.000174674,0.000124061,8.81131e-05,6.28469e-05,4.48258e-05,3.18371e-05,2.2612e-05,1.61963e-05,1.15521e-05,8.20474e-06,5.82734e-06,4.17395e-06,2.97708e-06,2.11444e-06,1.50176e-06,1.07567e-06,7.67224e-07,5.44913e-07,3.8702e-07,2.76043e-07,1.96889e-07,1.39838e-07,9.93189e-08,7.11391e-08,5.07402e-08,3.60377e-08,2.55955e-08,1.83333e-08,1.30763e-08,9.28729e-09,6.59621e-09,4.72466e-09,3.36988e-09,2.39343e-09,1.69991e-09,1.21247e-09,8.64796e-10,6.14213e-10,4.36239e-10,3.12465e-10,2.22867e-10,1.58289e-10,1.12423e-10,8.05253e-11,5.74349e-11,4.07926e-11,2.89726e-11,2.07522e-11,1.48016e-11,1.05127e-11,7.46652e-12,5.32552e-12,
Liabilities,,,,,,,,,,,,,,,,,,,,,,,,,,,,,,,,,,,,,,,,,,,,,,,,,,,,,,,,,,,,,,,,,,,,,,,,,,,,,,,,,,,,,,,,,,,,,,,,,,,,,,,,,,,,,,,,,,,,,,,,,,,,,,,,,,,,,,,,,,,,,
Beginning Principal Balance,4.5e+08,4.41999e+08,4.23998e+08,4.0001e+08,3.43569e+08,2.74287e+08,2.04451e+08,1.41526e+08,8.58319e+07,3.81442e+07,0,0,0,0,0,0,0,0,0,0,0,0,0,0,0,0,0,0,0,0,0,0,0,0,0,0,0,0,0,0,0,0,0,0,0,0,0,0,0,0,0,0,0,0,0,0,0,0,0,0,0,0,0,0,0,0,0,0,0,0,0,0,0,0,0,0,0,0,0,0,0,0,0,0,0,0,0,0,0,0,0,0,0,0,0,0,0,0,0,0,0,0,0,0,0,0,0,0,0,0,0,0,0,0,0,0,0,0,0,0,0,0,0,0,0,0,0,0,0,0,0,0,0,0,0,0,0,0,0,0,
	A Balance,2.88e+08,2.79999e+08,2.61998e+08,2.3801e+08,1.81569e+08,1.12287e+08,4.24512e+07,0,0,0,0,0,0,0,0,0,0,0,0,0,0,0,0,0,0,0,0,0,0,0,0,0,0,0,0,0,0,0,0,0,0,0,0,0,0,0,0,0,0,0,0,0,0,0,0,0,0,0,0,0,0,0,0,0,0,0,0,0,0,0,0,0,0,0,0,0,0,0,0,0,0,0,0,0,0,0,0,0,0,0,0,0,0,0,0,0,0,0,0,0,0,0,0,0,0,0,0,0,0,0,0,0,0,0,0,0,0,0,0,0,0,0,0,0,0,0,0,0,0,0,0,0,0,0,0,0,0,0,0,0,
	B Balance,5.175e+07,5.175e+07,5.175e+07,5.175e+07,5.175e+07,5.175e+07,5.175e+07,3.12759e+07,0,0,0,0,0,0,0,0,0,0,0,0,0,0,0,0,0,0,0,0,0,0,0,0,0,0,0,0,0,0,0,0,0,0,0,0,0,0,0,0,0,0,0,0,0,0,0,0,0,0,0,0,0,0,0,0,0,0,0,0,0,0,0,0,0,0,0,0,0,0,0,0,0,0,0,0,0,0,0,0,0,0,0,0,0,0,0,0,0,0,0,0,0,0,0,0,0,0,0,0,0,0,0,0,0,0,0,0,0,0,0,0,0,0,0,0,0,0,0,0,0,0,0,0,0,0,0,0,0,0,0,0,
	C Balance,2.7e+07,2.7e+07,2.7e+07,2.7e+07,2.7e+07,2.7e+07,2.7e+07,2.7e+07,2.58186e+06,0,0,0,0,0,0,0,0,0,0,0,0,0,0,0,0,0,0,0,0,0,0,0,0,0,0,0,0,0,0,0,0,0,0,0,0,0,0,0,0,0,0,0,0,0,0,0,0,0,0,0,0,0,0,0,0,0,0,0,0,0,0,0,0,0,0,0,0,0,0,0,0,0,0,0,0,0,0,0,0,0,0,0,0,0,0,0,0,0,0,0,0,0,0,0,0,0,0,0,0,0,0,0,0,0,0,0,0,0,0,0,0,0,0,0,0,0,0,0,0,0,0,0,0,0,0,0,0,0,0,0,
	D Balance,2.475e+07,2.475e+07,2.475e+07,2.475e+07,2.475e+07,2.475e+07,2.475e+07,2.475e+07,2.475e+07,0,0,0,0,0,0,0,0,0,0,0,0,0,0,0,0,0,0,0,0,0,0,0,0,0,0,0,0,0,0,0,0,0,0,0,0,0,0,0,0,0,0,0,0,0,0,0,0,0,0,0,0,0,0,0,0,0,0,0,0,0,0,0,0,0,0,0,0,0,0,0,0,0,0,0,0,0,0,0,0,0,0,0,0,0,0,0,0,0,0,0,0,0,0,0,0,0,0,0,0,0,0,0,0,0,0,0,0,0,0,0,0,0,0,0,0,0,0,0,0,0,0,0,0,0,0,0,0,0,0,0,
	E Balance,2.25e+07,2.25e+07,2.25e+07,2.25e+07,2.25e+07,2.25e+07,2.25e+07,2.25e+07,2.25e+07,2.14421e+06,0,0,0,0,0,0,0,0,0,0,0,0,0,0,0,0,0,0,0,0,0,0,0,0,0,0,0,0,0,0,0,0,0,0,0,0,0,0,0,0,0,0,0,0,0,0,0,0,0,0,0,0,0,0,0,0,0,0,0,0,0,0,0,0,0,0,0,0,0,0,0,0,0,0,0,0,0,0,0,0,0,0,0,0,0,0,0,0,0,0,0,0,0,0,0,0,0,0,0,0,0,0,0,0,0,0,0,0,0,0,0,0,0,0,0,0,0,0,0,0,0,0,0,0,0,0,0,0,0,0,
	F Balance,0,0,0,0,0,0,0,0,0,0,0,0,0,0,0,0,0,0,0,0,0,0,0,0,0,0,0,0,0,0,0,0,0,0,0,0,0,0,0,0,0,0,0,0,0,0,0,0,0,0,0,0,0,0,0,0,0,0,0,0,0,0,0,0,0,0,0,0,0,0,0,0,0,0,0,0,0,0,0,0,0,0,0,0,0,0,0,0,0,0,0,0,0,0,0,0,0,0,0,0,0,0,0,0,0,0,0,0,0,0,0,0,0,0,0,0,0,0,0,0,0,0,0,0,0,0,0,0,0,0,0,0,0,0,0,0,0,0,0,0,
	G Balance,0,0,0,0,0,0,0,0,0,0,0,0,0,0,0,0,0,0,0,0,0,0,0,0,0,0,0,0,0,0,0,0,0,0,0,0,0,0,0,0,0,0,0,0,0,0,0,0,0,0,0,0,0,0,0,0,0,0,0,0,0,0,0,0,0,0,0,0,0,0,0,0,0,0,0,0,0,0,0,0,0,0,0,0,0,0,0,0,0,0,0,0,0,0,0,0,0,0,0,0,0,0,0,0,0,0,0,0,0,0,0,0,0,0,0,0,0,0,0,0,0,0,0,0,0,0,0,0,0,0,0,0,0,0,0,0,0,0,0,0,
	H Balance,0,0,0,0,0,0,0,0,0,0,0,0,0,0,0,0,0,0,0,0,0,0,0,0,0,0,0,0,0,0,0,0,0,0,0,0,0,0,0,0,0,0,0,0,0,0,0,0,0,0,0,0,0,0,0,0,0,0,0,0,0,0,0,0,0,0,0,0,0,0,0,0,0,0,0,0,0,0,0,0,0,0,0,0,0,0,0,0,0,0,0,0,0,0,0,0,0,0,0,0,0,0,0,0,0,0,0,0,0,0,0,0,0,0,0,0,0,0,0,0,0,0,0,0,0,0,0,0,0,0,0,0,0,0,0,0,0,0,0,0,
	I Balance,0,0,0,0,0,0,0,0,0,0,0,0,0,0,0,0,0,0,0,0,0,0,0,0,0,0,0,0,0,0,0,0,0,0,0,0,0,0,0,0,0,0,0,0,0,0,0,0,0,0,0,0,0,0,0,0,0,0,0,0,0,0,0,0,0,0,0,0,0,0,0,0,0,0,0,0,0,0,0,0,0,0,0,0,0,0,0,0,0,0,0,0,0,0,0,0,0,0,0,0,0,0,0,0,0,0,0,0,0,0,0,0,0,0,0,0,0,0,0,0,0,0,0,0,0,0,0,0,0,0,0,0,0,0,0,0,0,0,0,0,
	SUB Balance,3.6e+07,3.6e+07,3.6e+07,3.6e+07,3.6e+07,3.6e+07,3.6e+07,3.6e+07,3.6e+07,3.6e+07,0,0,0,0,0,0,0,0,0,0,0,0,0,0,0,0,0,0,0,0,0,0,0,0,0,0,0,0,0,0,0,0,0,0,0,0,0,0,0,0,0,0,0,0,0,0,0,0,0,0,0,0,0,0,0,0,0,0,0,0,0,0,0,0,0,0,0,0,0,0,0,0,0,0,0,0,0,0,0,0,0,0,0,0,0,0,0,0,0,0,0,0,0,0,0,0,0,0,0,0,0,0,0,0,0,0,0,0,0,0,0,0,0,0,0,0,0,0,0,0,0,0,0,0,0,0,0,0,0,0,
Amounts Due Before Interest Waterall,,,,,,,,,,,,,,,,,,,,,,,,,,,,,,,,,,,,,,,,,,,,,,,,,,,,,,,,,,,,,,,,,,,,,,,,,,,,,,,,,,,,,,,,,,,,,,,,,,,,,,,,,,,,,,,,,,,,,,,,,,,,,,,,,,,,,,,,,,,,,
Fees,,,,,,,,,,,,,,,,,,,,,,,,,,,,,,,,,,,,,,,,,,,,,,,,,,,,,,,,,,,,,,,,,,,,,,,,,,,,,,,,,,,,,,,,,,,,,,,,,,,,,,,,,,,,,,,,,,,,,,,,,,,,,,,,,,,,,,,,,,,,,
	Admin Fees (Floating),45369.9,45390.1,43768.2,40410.4,35515.8,29820.6,23912.5,19563.4,15750.2,12370.8,9522.79,7376.96,5741.15,4381.54,3255.47,2506.19,1915.87,1439.06,1054.28,801.806,7472.01,7034.42,6478.34,6174.23,5879.81,5534.9,5153.44,4853.93,4621.92,4350.24,4005.38,3816.4,3633.44,3419.32,3147.71,2998.67,2854.37,2685.61,2471.74,2354.17,2240.34,2107.33,1960.52,1845.03,1755.26,1650.5,1518.1,1444.93,1374.08,1291.51,1187.36,1129.6,1073.66,1008.58,926.698,881.069,836.879,785.587,729.269,684.731,649.823,609.423,558.954,530.447,502.833,470.992,431.417,408.849,386.984,361.888,330.9,313.012,295.677,275.898,254.473,237.299,223.544,207.964,189.09,177.805,166.863,154.583,139.91,130.914,122.189,112.511,101.148,93.958,86.98,79.3518,71.3833,64.7609,59.1633,53.1547,46.4634,41.8192,37.3062,32.5702,27.4989,23.7377,20.0795,16.3466,12.5521,9.48682,6.50238,3.55998,0.780324,-1.77302,-4.22512,-6.54291,-8.53606,-10.6194,-12.6533,-14.4803,-15.8488,-17.5917,-19.2959,-20.7362,-21.6124,-23.0869,-24.5313,-25.6668,-26.4455,-27.4297,-28.6689,-29.5634,-29.7449,-30.8407,-31.9186,-32.6239,-32.5645,-33.5291,-34.4798,-35.036,-34.7868,-35.6479,-36.4985,-36.9372,-36.9443,-37.3235,
	Admin Fees (Fixed),50411,50411,49315.1,49863,50411,50411,49315.1,49863,50411,50411,49863,49863,50411,50411,49315.1,49863,50411,50411,49315.1,49863,50411,50411,49315.1,49863,50411,50411,49863,49863,50411,50411,49315.1,49863,50411,50411,49315.1,49863,50411,50411,49315.1,49863,50411,50411,49863,49863,50411,50411,49315.1,49863,50411,50411,49315.1,49863,50411,50411,49315.1,49863,50411,50411,49863,49863,50411,50411,49315.1,49863,50411,50411,49315.1,49863,50411,50411,49315.1,49863,50411,50411,49863,49863,50411,50411,49315.1,49863,50411,50411,49315.1,49863,50411,50411,49315.1,49863,50411,50411,49863,49863,50411,50411,49315.1,49863,50411,50411,49315.1,49863,50411,50411,49315.1,49863,50411,50411,49863,49863,50411,50411,49315.1,49863,50411,50411,49315.1,49863,50411,50411,49315.1,49863,50411,50411,49863,49863,50411,50411,49315.1,49863,50411,50411,49315.1,49863,50411,50411,49315.1,49863,50411,50411,49863,49863,
	Senior Management Fee,453699,453901,437682,404104,355158,298206,239125,195634,157502,123708,95227.9,73769.6,57411.5,43815.4,32554.7,25061.9,19158.7,14390.6,10542.8,8018.06,74720.1,70344.2,64783.4,61742.3,58798.1,55349,51534.4,48539.3,46219.2,43502.4,40053.8,38164,36334.4,34193.2,31477.1,29986.7,28543.7,26856.1,24717.4,23541.7,22403.4,21073.3,19605.2,18450.3,17552.6,16505,15181,14449.3,13740.8,12915.1,11873.6,11296,10736.6,10085.8,9266.98,8810.69,8368.79,7855.87,7292.69,6847.31,6498.23,6094.23,5589.54,5304.47,5028.33,4709.92,4314.17,4088.49,3869.84,3618.88,3309,3130.12,2956.77,2758.98,2544.73,2372.99,2235.44,2079.64,1890.9,1778.05,1668.63,1545.83,1399.1,1309.14,1221.89,1125.11,1011.48,939.58,869.8,793.518,713.833,647.609,591.633,531.547,464.634,418.192,373.062,325.702,274.989,237.377,200.795,163.466,125.521,94.8682,65.0238,35.5998,7.80324,-17.7302,-42.2512,-65.4291,-85.3606,-106.194,-126.533,-144.803,-158.488,-175.917,-192.959,-207.362,-216.124,-230.869,-245.313,-256.668,-264.455,-274.297,-286.689,-295.634,-297.449,-308.407,-319.186,-326.239,-325.645,-335.291,-344.798,-350.36,-347.868,-356.479,-364.985,-369.372,-369.443,-373.235,
	Subordinate Management Fee,453699,453901,437682,404104,355158,298206,239125,195634,157502,123708,95227.9,73769.6,57411.5,43815.4,32554.7,25061.9,19158.7,14390.6,10542.8,8018.06,74720.1,70344.2,64783.4,61742.3,58798.1,55349,51534.4,48539.3,46219.2,43502.4,40053.8,38164,36334.4,34193.2,31477.1,29986.7,28543.7,26856.1,24717.4,23541.7,22403.4,21073.3,19605.2,18450.3,17552.6,16505,15181,14449.3,13740.8,12915.1,11873.6,11296,10736.6,10085.8,9266.98,8810.69,8368.79,7855.87,7292.69,6847.31,6498.23,6094.23,5589.54,5304.47,5028.33,4709.92,4314.17,4088.49,3869.84,3618.88,3309,3130.12,2956.77,2758.98,2544.73,2372.99,2235.44,2079.64,1890.9,1778.05,1668.63,1545.83,1399.1,1309.14,1221.89,1125.11,1011.48,939.58,869.8,793.518,713.833,647.609,591.633,531.547,464.634,418.192,373.062,325.702,274.989,237.377,200.795,163.466,125.521,94.8682,65.0238,35.5998,7.80324,-17.7302,-42.2512,-65.4291,-85.3606,-106.194,-126.533,-144.803,-158.488,-175.917,-192.959,-207.362,-216.124,-230.869,-245.313,-256.668,-264.455,-274.297,-286.689,-295.634,-297.449,-308.407,-319.186,-326.239,-325.645,-335.291,-344.798,-350.36,-347.868,-356.479,-364.985,-369.372,-369.443,-373.235,
Interest Waterall,2.67851e+06,2.64239e+06,2.49908e+06,2.40211e+06,2.14751e+06,1.80404e+06,1.42499e+06,1.10322e+06,717998,40126.3,0,0,0,0,0,0,0,0,0,0,0,0,0,0,0,0,0,0,0,0,0,0,0,0,0,0,0,0,0,0,0,0,0,0,0,0,0,0,0,0,0,0,0,0,0,0,0,0,0,0,0,0,0,0,0,0,0,0,0,0,0,0,0,0,0,0,0,0,0,0,0,0,0,0,0,0,0,0,0,0,0,0,0,0,0,0,0,0,0,0,0,0,0,0,0,0,0,0,0,0,0,0,0,0,0,0,0,0,0,0,0,0,0,0,0,0,0,0,0,0,0,0,0,0,0,0,0,0,0,0,
	A Interest,1.43289e+06,1.39562e+06,1.2788e+06,1.17047e+06,902492,558550,206575,0,0,0,0,0,0,0,0,0,0,0,0,0,0,0,0,0,0,0,0,0,0,0,0,0,0,0,0,0,0,0,0,0,0,0,0,0,0,0,0,0,0,0,0,0,0,0,0,0,0,0,0,0,0,0,0,0,0,0,0,0,0,0,0,0,0,0,0,0,0,0,0,0,0,0,0,0,0,0,0,0,0,0,0,0,0,0,0,0,0,0,0,0,0,0,0,0,0,0,0,0,0,0,0,0,0,0,0,0,0,0,0,0,0,0,0,0,0,0,0,0,0,0,0,0,0,0,0,0,0,0,0,0,
	B Interest,329213,329683,322771,325454,328966,329161,322006,196794,0,0,0,0,0,0,0,0,0,0,0,0,0,0,0,0,0,0,0,0,0,0,0,0,0,0,0,0,0,0,0,0,0,0,0,0,0,0,0,0,0,0,0,0,0,0,0,0,0,0,0,0,0,0,0,0,0,0,0,0,0,0,0,0,0,0,0,0,0,0,0,0,0,0,0,0,0,0,0,0,0,0,0,0,0,0,0,0,0,0,0,0,0,0,0,0,0,0,0,0,0,0,0,0,0,0,0,0,0,0,0,0,0,0,0,0,0,0,0,0,0,0,0,0,0,0,0,0,0,0,0,0,
	C Interest,219402,219647,215005,216923,219273,219375,214606,217010,20980.8,0,0,0,0,0,0,0,0,0,0,0,0,0,0,0,0,0,0,0,0,0,0,0,0,0,0,0,0,0,0,0,0,0,0,0,0,0,0,0,0,0,0,0,0,0,0,0,0,0,0,0,0,0,0,0,0,0,0,0,0,0,0,0,0,0,0,0,0,0,0,0,0,0,0,0,0,0,0,0,0,0,0,0,0,0,0,0,0,0,0,0,0,0,0,0,0,0,0,0,0,0,0,0,0,0,0,0,0,0,0,0,0,0,0,0,0,0,0,0,0,0,0,0,0,0,0,0,0,0,0,0,
	D Interest,275979,276203,270321,272892,275860,275954,269955,272973,275985,0,0,0,0,0,0,0,0,0,0,0,0,0,0,0,0,0,0,0,0,0,0,0,0,0,0,0,0,0,0,0,0,0,0,0,0,0,0,0,0,0,0,0,0,0,0,0,0,0,0,0,0,0,0,0,0,0,0,0,0,0,0,0,0,0,0,0,0,0,0,0,0,0,0,0,0,0,0,0,0,0,0,0,0,0,0,0,0,0,0,0,0,0,0,0,0,0,0,0,0,0,0,0,0,0,0,0,0,0,0,0,0,0,0,0,0,0,0,0,0,0,0,0,0,0,0,0,0,0,0,0,
	E Interest,421027,421231,412185,416372,420919,421004,411852,416445,421032,40126.3,0,0,0,0,0,0,0,0,0,0,0,0,0,0,0,0,0,0,0,0,0,0,0,0,0,0,0,0,0,0,0,0,0,0,0,0,0,0,0,0,0,0,0,0,0,0,0,0,0,0,0,0,0,0,0,0,0,0,0,0,0,0,0,0,0,0,0,0,0,0,0,0,0,0,0,0,0,0,0,0,0,0,0,0,0,0,0,0,0,0,0,0,0,0,0,0,0,0,0,0,0,0,0,0,0,0,0,0,0,0,0,0,0,0,0,0,0,0,0,0,0,0,0,0,0,0,0,0,0,0,
	F Interest,0,0,0,0,0,0,0,0,0,0,0,0,0,0,0,0,0,0,0,0,0,0,0,0,0,0,0,0,0,0,0,0,0,0,0,0,0,0,0,0,0,0,0,0,0,0,0,0,0,0,0,0,0,0,0,0,0,0,0,0,0,0,0,0,0,0,0,0,0,0,0,0,0,0,0,0,0,0,0,0,0,0,0,0,0,0,0,0,0,0,0,0,0,0,0,0,0,0,0,0,0,0,0,0,0,0,0,0,0,0,0,0,0,0,0,0,0,0,0,0,0,0,0,0,0,0,0,0,0,0,0,0,0,0,0,0,0,0,0,0,
	G Interest,0,0,0,0,0,0,0,0,0,0,0,0,0,0,0,0,0,0,0,0,0,0,0,0,0,0,0,0,0,0,0,0,0,0,0,0,0,0,0,0,0,0,0,0,0,0,0,0,0,0,0,0,0,0,0,0,0,0,0,0,0,0,0,0,0,0,0,0,0,0,0,0,0,0,0,0,0,0,0,0,0,0,0,0,0,0,0,0,0,0,0,0,0,0,0,0,0,0,0,0,0,0,0,0,0,0,0,0,0,0,0,0,0,0,0,0,0,0,0,0,0,0,0,0,0,0,0,0,0,0,0,0,0,0,0,0,0,0,0,0,
	H Interest,0,0,0,0,0,0,0,0,0,0,0,0,0,0,0,0,0,0,0,0,0,0,0,0,0,0,0,0,0,0,0,0,0,0,0,0,0,0,0,0,0,0,0,0,0,0,0,0,0,0,0,0,0,0,0,0,0,0,0,0,0,0,0,0,0,0,0,0,0,0,0,0,0,0,0,0,0,0,0,0,0,0,0,0,0,0,0,0,0,0,0,0,0,0,0,0,0,0,0,0,0,0,0,0,0,0,0,0,0,0,0,0,0,0,0,0,0,0,0,0,0,0,0,0,0,0,0,0,0,0,0,0,0,0,0,0,0,0,0,0,
	I Interest,0,0,0,0,0,0,0,0,0,0,0,0,0,0,0,0,0,0,0,0,0,0,0,0,0,0,0,0,0,0,0,0,0,0,0,0,0,0,0,0,0,0,0,0,0,0,0,0,0,0,0,0,0,0,0,0,0,0,0,0,0,0,0,0,0,0,0,0,0,0,0,0,0,0,0,0,0,0,0,0,0,0,0,0,0,0,0,0,0,0,0,0,0,0,0,0,0,0,0,0,0,0,0,0,0,0,0,0,0,0,0,0,0,0,0,0,0,0,0,0,0,0,0,0,0,0,0,0,0,0,0,0,0,0,0,0,0,0,0,0,
	SUB Interest,0,0,0,0,0,0,0,0,0,0,0,0,0,0,0,0,0,0,0,0,0,0,0,0,0,0,0,0,0,0,0,0,0,0,0,0,0,0,0,0,0,0,0,0,0,0,0,0,0,0,0,0,0,0,0,0,0,0,0,0,0,0,0,0,0,0,0,0,0,0,0,0,0,0,0,0,0,0,0,0,0,0,0,0,0,0,0,0,0,0,0,0,0,0,0,0,0,0,0,0,0,0,0,0,0,0,0,0,0,0,0,0,0,0,0,0,0,0,0,0,0,0,0,0,0,0,0,0,0,0,0,0,0,0,0,0,0,0,0,0,
Principal Waterfall,,,,,,,,,,,,,,,,,,,,,,,,,,,,,,,,,,,,,,,,,,,,,,,,,,,,,,,,,,,,,,,,,,,,,,,,,,,,,,,,,,,,,,,,,,,,,,,,,,,,,,,,,,,,,,,,,,,,,,,,,,,,,,,,,,,,,,,,,,,,,
	A Principal Repayment,8.00105e+06,1.80009e+07,2.3988e+07,5.64412e+07,6.92817e+07,6.98359e+07,4.24512e+07,,,,,,,,,,,,,,,,,,,,,,,,,,,,,,,,,,,,,,,,,,,,,,,,,,,,,,,,,,,,,,,,,,,,,,,,,,,,,,,,,,,,,,,,,,,,,,,,,,,,,,,,,,,,,,,,,,,,,,,,,,,,,,,,,,,,,,
	B Principal Repayment,0,0,0,0,0,0,2.04741e+07,3.12759e+07,,,,,,,,,,,,,,,,,,,,,,,,,,,,,,,,,,,,,,,,,,,,,,,,,,,,,,,,,,,,,,,,,,,,,,,,,,,,,,,,,,,,,,,,,,,,,,,,,,,,,,,,,,,,,,,,,,,,,,,,,,,,,,,,,,,,,
	C Principal Repayment,0,0,0,0,0,0,0,2.44181e+07,2.58186e+06,,,,,,,,,,,,,,,,,,,,,,,,,,,,,,,,,,,,,,,,,,,,,,,,,,,,,,,,,,,,,,,,,,,,,,,,,,,,,,,,,,,,,,,,,,,,,,,,,,,,,,,,,,,,,,,,,,,,,,,,,,,,,,,,,,,,
	D Principal Repayment,0,0,0,0,0,0,0,0,2.475e+07,,,,,,,,,,,,,,,,,,,,,,,,,,,,,,,,,,,,,,,,,,,,,,,,,,,,,,,,,,,,,,,,,,,,,,,,,,,,,,,,,,,,,,,,,,,,,,,,,,,,,,,,,,,,,,,,,,,,,,,,,,,,,,,,,,,,
	E Principal Repayment,0,0,0,0,0,0,0,0,2.03558e+07,2.14421e+06,,,,,,,,,,,,,,,,,,,,,,,,,,,,,,,,,,,,,,,,,,,,,,,,,,,,,,,,,,,,,,,,,,,,,,,,,,,,,,,,,,,,,,,,,,,,,,,,,,,,,,,,,,,,,,,,,,,,,,,,,,,,,,,,,,,
	F Principal Repayment,0,0,0,0,0,0,0,0,0,0,,,,,,,,,,,,,,,,,,,,,,,,,,,,,,,,,,,,,,,,,,,,,,,,,,,,,,,,,,,,,,,,,,,,,,,,,,,,,,,,,,,,,,,,,,,,,,,,,,,,,,,,,,,,,,,,,,,,,,,,,,,,,,,,,,,
	G Principal Repayment,0,0,0,0,0,0,0,0,0,0,,,,,,,,,,,,,,,,,,,,,,,,,,,,,,,,,,,,,,,,,,,,,,,,,,,,,,,,,,,,,,,,,,,,,,,,,,,,,,,,,,,,,,,,,,,,,,,,,,,,,,,,,,,,,,,,,,,,,,,,,,,,,,,,,,,
	H Principal Repayment,0,0,0,0,0,0,0,0,0,0,,,,,,,,,,,,,,,,,,,,,,,,,,,,,,,,,,,,,,,,,,,,,,,,,,,,,,,,,,,,,,,,,,,,,,,,,,,,,,,,,,,,,,,,,,,,,,,,,,,,,,,,,,,,,,,,,,,,,,,,,,,,,,,,,,,
	I Principal Repayment,0,0,0,0,0,0,0,0,0,0,,,,,,,,,,,,,,,,,,,,,,,,,,,,,,,,,,,,,,,,,,,,,,,,,,,,,,,,,,,,,,,,,,,,,,,,,,,,,,,,,,,,,,,,,,,,,,,,,,,,,,,,,,,,,,,,,,,,,,,,,,,,,,,,,,,
	SUB Principal Repayment,0,0,0,0,0,0,0,0,0,3.6e+07,,,,,,,,,,,,,,,,,,,,,,,,,,,,,,,,,,,,,,,,,,,,,,,,,,,,,,,,,,,,,,,,,,,,,,,,,,,,,,,,,,,,,,,,,,,,,,,,,,,,,,,,,,,,,,,,,,,,,,,,,,,,,,,,,,,
Reinvestments,,,,,,,,,,,,,,,,,,,,,,,,,,,,,,,,,,,,,,,,,,,,,,,,,,,,,,,,,,,,,,,,,,,,,,,,,,,,,,,,,,,,,,,,,,,,,,,,,,,,,,,,,,,,,,,,,,,,,,,,,,,,,,,,,,,,,,,,,,,,,
Amounts of Portfolio Proceeds after Interest,5.33709e+07,6.10837e+07,1.97177e+08,1.81814e+08,1.59647e+08,1.34017e+08,1.07558e+08,8.80038e+07,7.09756e+07,5.6257e+07,4.49143e+07,6.68521e+07,8.46575e+07,9.85854e+07,1.0913e+08,1.17546e+08,1.24084e+08,1.29047e+08,1.32708e+08,1.35551e+08,3.39671e+07,3.19747e+07,2.94689e+07,2.80708e+07,2.6718e+07,2.51477e+07,2.34215e+07,2.20573e+07,2.09912e+07,1.97544e+07,1.82008e+07,1.73319e+07,1.64911e+07,1.55162e+07,1.42929e+07,1.36075e+07,1.29443e+07,1.2176e+07,1.12129e+07,1.06722e+07,1.01489e+07,9.54335e+06,8.8793e+06,8.35327e+06,7.94053e+06,7.46358e+06,6.86774e+06,6.53105e+06,6.20519e+06,5.82928e+06,5.36079e+06,5.09487e+06,4.83749e+06,4.54121e+06,4.17309e+06,3.96295e+06,3.75953e+06,3.52602e+06,3.27158e+06,3.06873e+06,2.90795e+06,2.72402e+06,2.4975e+06,2.36605e+06,2.23877e+06,2.09381e+06,1.91639e+06,1.81223e+06,1.71136e+06,1.59711e+06,1.4584e+06,1.37574e+06,1.29568e+06,1.20563e+06,1.10913e+06,1.03091e+06,967288,896360,812254,759945,709242,653339,588169,546384,505863,461802,411557,378067,345571,310843,275251,245089,218933,191579,162391,140602,119428,97866.9,75980.9,58249.9,41002.3,24007.9,7877.15,-6655.48,-20808.5,-34203.9,-46309,-57938.2,-69646.1,-80198,-88208.7,-98228.9,-108016,-116334,-121529,-129984,-138257,-144814,-147790,-155012,-162091,-167261,-170309,-174791,-180928,-185000,-184845,-190326,-195722,-198933,-197692,-202570,-207383,-209915,-207818,-212221,-216573,-218570,-218125,-219852,
Amounts of Unscheduled Portfolio Proceeds Reinvested,4.53699e+07,4.30827e+07,4.00215e+07,2.89847e+07,2.09006e+07,1.48445e+07,1.03139e+07,7.46965e+06,5.3863e+06,3.82557e+06,2.68754e+06,1.9169e+06,1.38226e+06,981736,682111,494004,356222,253003,175787,0,0,0,0,0,0,0,0,0,0,0,0,0,0,0,0,0,0,0,0,0,0,0,0,0,0,0,0,0,0,0,0,0,0,0,0,0,0,0,0,0,0,0,0,0,0,0,0,0,0,0,0,0,0,0,0,0,0,0,0,0,0,0,0,0,0,0,0,0,0,0,0,0,0,0,0,0,0,0,0,0,0,0,0,0,0,0,0,0,0,0,0,0,0,0,0,0,0,0,0,0,0,0,0,0,0,0,0,0,0,0,0,0,0,0,0,0,0,0,0,0,
Amounts of Scheduled Portfolio Proceeds Reinvested,0,0,0,0,0,0,0,0,0,0,0,0,0,0,0,0,0,0,0,0,0,0,0,0,0,0,0,0,0,0,0,0,0,0,0,0,0,0,0,0,0,0,0,0,0,0,0,0,0,0,0,0,0,0,0,0,0,0,0,0,0,0,0,0,0,0,0,0,0,0,0,0,0,0,0,0,0,0,0,0,0,0,0,0,0,0,0,0,0,0,0,0,0,0,0,0,0,0,0,0,0,0,0,0,0,0,0,0,0,0,0,0,0,0,0,0,0,0,0,0,0,0,0,0,0,0,0,0,0,0,0,0,0,0,0,0,0,0,0,0,
Amounts of Recovery Portfolio Proceeds Reinvested,0,0,1.33167e+08,9.6388e+07,6.94645e+07,4.93365e+07,3.43186e+07,2.48402e+07,1.79017e+07,1.27145e+07,8.93736e+06,6.3746e+06,4.59402e+06,3.26286e+06,2.26965e+06,1.6428e+06,1.18393e+06,840872,584913,0,0,0,0,0,0,0,0,0,0,0,0,0,0,0,0,0,0,0,0,0,0,0,0,0,0,0,0,0,0,0,0,0,0,0,0,0,0,0,0,0,0,0,0,0,0,0,0,0,0,0,0,0,0,0,0,0,0,0,0,0,0,0,0,0,0,0,0,0,0,0,0,0,0,0,0,0,0,0,0,0,0,0,0,0,0,0,0,0,0,0,0,0,0,0,0,0,0,0,0,0,0,0,0,0,0,0,0,0,0,0,0,0,0,0,0,0,0,0,0,0,
Total Reinvestments Due,4.53699e+07,4.30827e+07,1.73189e+08,1.25373e+08,9.03651e+07,6.4181e+07,4.46325e+07,3.23098e+07,2.3288e+07,1.65401e+07,1.16249e+07,8.2915e+06,5.97628e+06,4.2446e+06,2.95176e+06,2.1368e+06,1.54015e+06,1.09388e+06,760699,1.35551e+08,3.39671e+07,3.19747e+07,2.94689e+07,2.80708e+07,2.6718e+07,2.51477e+07,2.34215e+07,2.20573e+07,2.09912e+07,1.97544e+07,1.82008e+07,1.73319e+07,1.64911e+07,1.55162e+07,1.42929e+07,1.36075e+07,1.29443e+07,1.2176e+07,1.12129e+07,1.06722e+07,1.01489e+07,9.54335e+06,8.8793e+06,8.35327e+06,7.94053e+06,7.46358e+06,6.86774e+06,6.53105e+06,6.20519e+06,5.82928e+06,5.36079e+06,5.09487e+06,4.83749e+06,4.54121e+06,4.17309e+06,3.96295e+06,3.75953e+06,3.52602e+06,3.27158e+06,3.06873e+06,2.90795e+06,2.72402e+06,2.4975e+06,2.36605e+06,2.23877e+06,2.09381e+06,1.91639e+06,1.81223e+06,1.71136e+06,1.59711e+06,1.4584e+06,1.37574e+06,1.29568e+06,1.20563e+06,1.10913e+06,1.03091e+06,967288,896360,812254,759945,709242,653339,588169,546384,505863,461802,411557,378067,345571,310843,275251,245089,218933,191579,162391,140602,119428,97866.9,75980.9,58249.9,41002.3,24007.9,7877.15,-6655.48,-20808.5,-34203.9,-46309,-57938.2,-69646.1,-80198,-88208.7,-98228.9,-108016,-116334,-121529,-129984,-138257,-144814,-147790,-155012,-162091,-167261,-170309,-174791,-180928,-185000,-184845,-190326,-195722,-198933,-197692,-202570,-207383,-209915,-207818,-212221,-216573,-218570,-218125,-219852,
Actual Reinvestments,4.53699e+07,4.30827e+07,1.73189e+08,1.25373e+08,9.03651e+07,6.4181e+07,4.46325e+07,3.23098e+07,2.3288e+07,1.65401e+07,1.16249e+07,8.2915e+06,5.97628e+06,4.2446e+06,2.95176e+06,2.1368e+06,1.54015e+06,1.09388e+06,760699,1.35551e+08,3.39671e+07,3.19747e+07,2.94689e+07,2.80708e+07,2.6718e+07,2.51477e+07,2.34215e+07,2.20573e+07,2.09912e+07,1.97544e+07,1.82008e+07,1.73319e+07,1.64911e+07,1.55162e+07,1.42929e+07,1.36075e+07,1.29443e+07,1.2176e+07,1.12129e+07,1.06722e+07,1.01489e+07,9.54335e+06,8.8793e+06,8.35327e+06,7.94053e+06,7.46358e+06,6.86774e+06,6.53105e+06,6.20519e+06,5.82928e+06,5.36079e+06,5.09487e+06,4.83749e+06,4.54121e+06,4.17309e+06,3.96295e+06,3.75953e+06,3.52602e+06,3.27158e+06,3.06873e+06,2.90795e+06,2.72402e+06,2.4975e+06,2.36605e+06,2.23877e+06,2.09381e+06,1.91639e+06,1.81223e+06,1.71136e+06,1.59711e+06,1.4584e+06,1.37574e+06,1.29568e+06,1.20563e+06,1.10913e+06,1.03091e+06,967288,896360,812254,759945,709242,653339,588169,546384,505863,461802,411557,378067,345571,310843,275251,245089,218933,191579,162391,140602,119428,97866.9,75980.9,58249.9,41002.3,24007.9,7877.15,-6655.48,-20808.5,-34203.9,-46309,-57938.2,-69646.1,-80198,-88208.7,-98228.9,-108016,-116334,-121529,-129984,-138257,-144814,-147790,-155012,-162091,-167261,-170309,-174791,-180928,-185000,-184845,-190326,-195722,-198933,-197692,-202570,-207383,-209915,-207818,-212221,-216573,-218570,-218125,-219852,
	Asset 1 Purchased,2.30304e+07,2.18694e+07,8.79132e+07,6.3641e+07,4.58706e+07,3.25792e+07,2.26561e+07,1.64009e+07,1.18213e+07,8.39598e+06,5.90097e+06,4.20888e+06,3.03365e+06,2.15462e+06,1.49836e+06,1.08467e+06,781801,555267,386142,6.88075e+07,1.72422e+07,1.62308e+07,1.49588e+07,1.42491e+07,1.35624e+07,1.27653e+07,1.18891e+07,1.11966e+07,1.06554e+07,1.00276e+07,9.23898e+06,8.7979e+06,8.37109e+06,7.87627e+06,7.25529e+06,6.90737e+06,6.57069e+06,6.1807e+06,5.69184e+06,5.41735e+06,5.15172e+06,4.84434e+06,4.50726e+06,4.24024e+06,4.03073e+06,3.78862e+06,3.48616e+06,3.31525e+06,3.14984e+06,2.95903e+06,2.72121e+06,2.58623e+06,2.45558e+06,2.30518e+06,2.11832e+06,2.01165e+06,1.90839e+06,1.78986e+06,1.6607e+06,1.55773e+06,1.47611e+06,1.38275e+06,1.26777e+06,1.20104e+06,1.13643e+06,1.06285e+06,972789,919914,868709,810714,740302,698346,657705,611995,563010,523305,491009,455005,412311,385759,360021,331644,298563,277352,256783,234417,208912,191912,175417,157788,139721,124411,111134,97248.2,82431.8,71371.4,60623.2,49678.6,38569,29568.5,20813.4,12186.8,3998.55,-3378.42,-10562.7,-17362.4,-23507.1,-29410.2,-35353.3,-40709.6,-44776,-49862.4,-54830.4,-59052.6,-61689.6,-65981.7,-70181.2,-73509.6,-75020.1,-78686.1,-82279.8,-84903.8,-86451,-88726.5,-91841.5,-93908.8,-93829.7,-96612.4,-99351.4,-100981,-100351,-102828,-105270,-106556,-105491,-107726,-109935,-110949,-110723,-111600,
	Asset 2 Purchased,2.27418e+07,2.15954e+07,8.68115e+07,6.28435e+07,4.52958e+07,3.21709e+07,2.23722e+07,1.61954e+07,1.16732e+07,8.29077e+06,5.82702e+06,4.15614e+06,2.99563e+06,2.12762e+06,1.47958e+06,1.07108e+06,772004,548308,381303,6.79452e+07,1.70261e+07,1.60274e+07,1.47714e+07,1.40706e+07,1.33925e+07,1.26054e+07,1.17401e+07,1.10563e+07,1.05219e+07,9.90194e+06,9.12321e+06,8.68766e+06,8.26619e+06,7.77757e+06,7.16437e+06,6.82081e+06,6.48836e+06,6.10325e+06,5.62052e+06,5.34946e+06,5.08716e+06,4.78363e+06,4.45078e+06,4.1871e+06,3.98022e+06,3.74114e+06,3.44248e+06,3.27371e+06,3.11037e+06,2.92195e+06,2.68711e+06,2.55382e+06,2.4248e+06,2.2763e+06,2.09177e+06,1.98644e+06,1.88448e+06,1.76743e+06,1.63989e+06,1.53821e+06,1.45762e+06,1.36543e+06,1.25188e+06,1.18599e+06,1.12219e+06,1.04953e+06,960598,908387,857823,800554,731025,689595,649463,604326,555955,516747,484856,449303,407145,380925,355510,327488,294822,273877,253566,231480,206294,189507,173219,155811,137970,122852,109741,96029.5,81398.8,70477,59863.5,49056.1,38085.6,29197.9,20552.5,12034,3948.44,-3336.08,-10430.3,-17144.8,-23212.6,-29041.7,-34910.3,-40199.5,-44214.9,-49237.5,-54143.3,-58312.6,-60916.6,-65154.9,-69301.7,-72588.4,-74080,-77700.1,-81248.8,-83839.9,-85367.7,-87614.6,-90690.6,-92732,-92653.9,-95401.7,-98106.4,-99716,-99093.7,-101539,-103951,-105220,-104169,-106376,-108558,-109559,-109336,-110201,
